DiscountedFixedCost,DiscountedVariableCost,DiscountedTotalCost
2.3283679552883023e11,2.7030654964280787e9,2.355398610252583e11
