FixedCost,VariableCost,TotalCost
2.6519132677572504e11,3.078678605596402e9,2.6827000538132144e11
